Movie Name,Year of release,Watchtime,Movie Rating,Votes,Gross collection,Director,Cast
The Shawshank Redemption,1994,142,9.3,2744465,28.34,Frank Darabont,"['Tim Robbins', 'Morgan Freeman', 'Bob Gunton', 'William Sadler']"
The Godfather,1972,175,9.2,1908531,134.97,Francis Ford Coppola,"['Marlon Brando', 'Al Pacino', 'James Caan', 'Diane Keaton']"
The Dark Knight,2008,152,9.0,2717164,534.86,Christopher Nolan,"['Christian Bale', 'Heath Ledger', 'Aaron Eckhart', 'Michael Caine']"
Schindler's List,1993,195,9.0,1384620,96.9,Steven Spielberg,"['Liam Neeson', 'Ralph Fiennes', 'Ben Kingsley', 'Caroline Goodall']"
The Godfather Part II,1974,202,9.0,1300450,57.3,Francis Ford Coppola,"['Al Pacino', 'Robert De Niro', 'Robert Duvall', 'Diane Keaton']"
12 Angry Men,1957,96,9.0,812491,4.36,Sidney Lumet,"['Henry Fonda', 'Lee J. Cobb', 'Martin Balsam', 'John Fiedler']"
The Lord of the Rings: The Return of the King,2003,201,9.0,1886427,377.85,Peter Jackson,"['Elijah Wood', 'Viggo Mortensen', 'Ian McKellen', 'Orlando Bloom']"
Pulp Fiction,1994,154,8.9,2108844,107.93,Quentin Tarantino,"['John Travolta', 'Uma Thurman', 'Samuel L. Jackson', 'Bruce Willis']"
Inception,2010,148,8.8,2411986,292.58,Christopher Nolan,"['Leonardo DiCaprio', 'Joseph Gordon-Levitt', 'Elliot Page', 'Ken Watanabe']"
Fight Club,1999,139,8.8,2185425,37.03,David Fincher,"['Brad Pitt', 'Edward Norton', 'Meat Loaf', 'Zach Grenier']"
The Lord of the Rings: The Fellowship of the Ring,2001,178,8.8,1915141,315.54,Peter Jackson,"['Elijah Wood', 'Ian McKellen', 'Orlando Bloom', 'Sean Bean']"
Forrest Gump,1994,142,8.8,2135275,330.25,Robert Zemeckis,"['Tom Hanks', 'Robin Wright', 'Gary Sinise', 'Sally Field']"
"Il buono, il brutto, il cattivo",1966,161,8.8,776974,6.1,Sergio Leone,"['Clint Eastwood', 'Eli Wallach', 'Lee Van Cleef', 'Aldo Giuffrè']"
The Lord of the Rings: The Two Towers,2002,179,8.8,1702734,342.55,Peter Jackson,"['Elijah Wood', 'Ian McKellen', 'Viggo Mortensen', 'Orlando Bloom']"
Jai Bhim,2021,164,8.8,206733,102.79658653846153,T.J. Gnanavel,"['Suriya', 'Lijo Mol Jose', 'Manikandan K.', 'Rajisha Vijayan']"
777 Charlie,2022,164,8.8,34812,102.79658653846153,Kiranraj K,"['Rakshit Shetty', 'Charlie', 'Sangeetha Sringeri', 'Raj B. Shetty']"
Rocketry: The Nambi Effect,2022,157,8.8,53383,102.79658653846153,Madhavan,"['Madhavan', 'Simran', 'Rajit Kapoor', 'Ravi Raghavendra']"
Interstellar,2014,169,8.7,1909061,188.02,Christopher Nolan,"['Matthew McConaughey', 'Anne Hathaway', 'Jessica Chastain', 'Mackenzie Foy']"
GoodFellas,1990,145,8.7,1191062,46.84,Martin Scorsese,"['Robert De Niro', 'Ray Liotta', 'Joe Pesci', 'Lorraine Bracco']"
The Matrix,1999,136,8.7,1957049,171.48,"Directors:Lana Wachowski, Lilly Wachowski","['Keanu Reeves', 'Laurence Fishburne', 'Carrie-Anne Moss', 'Hugo Weaving']"
One Flew Over the Cuckoo's Nest,1975,133,8.7,1028464,112.0,Milos Forman,"['Jack Nicholson', 'Louise Fletcher', 'Michael Berryman', 'Peter Brocco']"
Star Wars: Episode V - The Empire Strikes Back,1980,124,8.7,1320621,290.48,Irvin Kershner,"['Mark Hamill', 'Harrison Ford', 'Carrie Fisher', 'Billy Dee Williams']"
Soorarai Pottru,2020,153,8.7,119458,102.79658653846153,Sudha Kongara,"['Suriya', 'Paresh Rawal', 'Aparna Balamurali', 'Urvashi']"
The Green Mile,1999,189,8.6,1334555,136.8,Frank Darabont,"['Tom Hanks', 'Michael Clarke Duncan', 'David Morse', 'Bonnie Hunt']"
Se7en,1995,127,8.6,1696922,100.13,David Fincher,"['Morgan Freeman', 'Brad Pitt', 'Kevin Spacey', 'Andrew Kevin Walker']"
The Silence of the Lambs,1991,118,8.6,1467017,130.74,Jonathan Demme,"['Jodie Foster', 'Anthony Hopkins', 'Lawrence A. Bonney', 'Kasi Lemmons']"
Star Wars,1977,121,8.6,1393078,322.74,George Lucas,"['Mark Hamill', 'Harrison Ford', 'Carrie Fisher', 'Alec Guinness']"
Saving Private Ryan,1998,169,8.6,1422860,216.54,Steven Spielberg,"['Tom Hanks', 'Matt Damon', 'Tom Sizemore', 'Edward Burns']"
Sen to Chihiro no kamikakushi,2001,125,8.6,789337,10.06,Hayao Miyazaki,"['Daveigh Chase', 'Suzanne Pleshette', 'Miyu Irino', 'Rumi Hiiragi']"
Terminator 2: Judgment Day,1991,137,8.6,1122619,204.84,James Cameron,"['Arnold Schwarzenegger', 'Linda Hamilton', 'Edward Furlong', 'Robert Patrick']"
Cidade de Deus,2002,130,8.6,770667,7.56,"Directors:Fernando Meirelles, Kátia Lund","['Alexandre Rodrigues', 'Leandro Firmino', 'Matheus Nachtergaele', 'Phellipe Haagensen']"
La vita è bella,1997,116,8.6,710880,57.6,Roberto Benigni,"['Roberto Benigni', 'Nicoletta Braschi', 'Giorgio Cantarini', 'Giustino Durano']"
Shichinin no samurai,1954,207,8.6,352730,0.27,Akira Kurosawa,"['Toshirô Mifune', 'Takashi Shimura', 'Keiko Tsushima', 'Yukiko Shimazaki']"
It's a Wonderful Life,1946,130,8.6,471967,102.79658653846153,Frank Capra,"['James Stewart', 'Donna Reed', 'Lionel Barrymore', 'Thomas Mitchell']"
Seppuku,1962,133,8.6,60924,102.79658653846153,Masaki Kobayashi,"['Tatsuya Nakadai', 'Akira Ishihama', 'Shima Iwashita', 'Tetsurô Tanba']"
Sita Ramam,2022,163,8.6,59767,102.79658653846153,Hanu Raghavapudi,"['Dulquer Salmaan', 'Mrunal Thakur', 'Rashmika Mandanna', 'Sumanth']"
Gisaengchung,2019,132,8.5,853927,53.37,Bong Joon Ho,"['Song Kang-ho', 'Lee Sun-kyun', 'Cho Yeo-jeong', 'Choi Woo-sik']"
The Departed,2006,151,8.5,1355728,132.38,Martin Scorsese,"['Leonardo DiCaprio', 'Matt Damon', 'Jack Nicholson', 'Mark Wahlberg']"
Whiplash,2014,106,8.5,903935,13.09,Damien Chazelle,"['Miles Teller', 'J.K. Simmons', 'Melissa Benoist', 'Paul Reiser']"
Léon,1994,110,8.5,1188926,19.5,Luc Besson,"['Jean Reno', 'Gary Oldman', 'Natalie Portman', 'Danny Aiello']"
Back to the Future,1985,116,8.5,1238116,210.61,Robert Zemeckis,"['Michael J. Fox', 'Christopher Lloyd', 'Lea Thompson', 'Crispin Glover']"
Gladiator,2000,155,8.5,1535607,187.71,Ridley Scott,"['Russell Crowe', 'Joaquin Phoenix', 'Connie Nielsen', 'Oliver Reed']"
The Prestige,2006,130,8.5,1363986,53.09,Christopher Nolan,"['Christian Bale', 'Hugh Jackman', 'Scarlett Johansson', 'Michael Caine']"
Alien,1979,117,8.5,902965,78.9,Ridley Scott,"['Sigourney Weaver', 'Tom Skerritt', 'John Hurt', 'Veronica Cartwright']"
Casablanca,1942,102,8.5,583312,1.02,Michael Curtiz,"['Humphrey Bogart', 'Ingrid Bergman', 'Paul Henreid', 'Claude Rains']"
The Lion King,1994,88,8.5,1084708,422.78,"Directors:Roger Allers, Rob Minkoff","['Matthew Broderick', 'Jeremy Irons', 'James Earl Jones', 'Whoopi Goldberg']"
American History X,1998,119,8.5,1143018,6.72,Tony Kaye,"['Edward Norton', 'Edward Furlong', ""Beverly D'Angelo"", 'Jennifer Lien']"
The Pianist,2002,150,8.5,855742,32.57,Roman Polanski,"['Adrien Brody', 'Thomas Kretschmann', 'Frank Finlay', 'Emilia Fox']"
The Usual Suspects,1995,106,8.5,1104141,23.34,Bryan Singer,"['Kevin Spacey', 'Gabriel Byrne', 'Chazz Palminteri', 'Stephen Baldwin']"
Psycho,1960,109,8.5,687439,32.0,Alfred Hitchcock,"['Anthony Perkins', 'Janet Leigh', 'Vera Miles', 'John Gavin']"
The Intouchables,2011,112,8.5,881278,13.18,"Directors:Olivier Nakache, Éric Toledano","['François Cluzet', 'Omar Sy', 'Anne Le Ny', 'Audrey Fleurot']"
Once Upon a Time in the West,1968,165,8.5,337059,5.32,Sergio Leone,"['Henry Fonda', 'Charles Bronson', 'Claudia Cardinale', 'Jason Robards']"
Hotaru no haka,1988,89,8.5,287223,102.79658653846153,Isao Takahata,"['Tsutomu Tatsumi', 'Ayano Shiraishi', 'Akemi Yamaguchi', 'Yoshiko Shinohara']"
Rear Window,1954,112,8.5,501773,36.76,Alfred Hitchcock,"['James Stewart', 'Grace Kelly', 'Wendell Corey', 'Thelma Ritter']"
Nuovo Cinema Paradiso,1988,155,8.5,268367,11.99,Giuseppe Tornatore,"['Philippe Noiret', 'Enzo Cannavale', 'Antonella Attili', 'Isa Danieli']"
Modern Times,1936,87,8.5,248253,0.16,Charles Chaplin,"['Charles Chaplin', 'Paulette Goddard', 'Henry Bergman', 'Tiny Sandford']"
City Lights,1931,87,8.5,188497,0.02,Charles Chaplin,"['Charles Chaplin', 'Virginia Cherrill', 'Florence Lee', 'Harry Myers']"
96,2018,158,8.5,33142,102.79658653846153,C. Prem Kumar,"['Vijay Sethupathi', 'Adithya Bhaskar', 'Trisha Krishnan', 'Gouri Kishan']"
Spider-Man: Into the Spider-Verse,2018,117,8.4,564092,190.24,"Directors:Bob Persichetti, Peter Ramsey, Rodney Rothman","['Shameik Moore', 'Jake Johnson', 'Hailee Steinfeld', 'Mahershala Ali']"
Avengers: Endgame,2019,181,8.4,1179125,858.37,"Directors:Anthony Russo, Joe Russo","['Robert Downey Jr.', 'Chris Evans', 'Mark Ruffalo', 'Chris Hemsworth']"
Raiders of the Lost Ark,1981,115,8.4,985834,248.16,Steven Spielberg,"['Harrison Ford', 'Karen Allen', 'Paul Freeman', 'John Rhys-Davies']"
Avengers: Infinity War,2018,149,8.4,1122577,678.82,"Directors:Anthony Russo, Joe Russo","['Robert Downey Jr.', 'Chris Hemsworth', 'Mark Ruffalo', 'Chris Evans']"
The Shining,1980,146,8.4,1048715,44.02,Stanley Kubrick,"['Jack Nicholson', 'Shelley Duvall', 'Danny Lloyd', 'Scatman Crothers']"
Joker,2019,122,8.4,1353423,335.45,Todd Phillips,"['Joaquin Phoenix', 'Robert De Niro', 'Zazie Beetz', 'Frances Conroy']"
Django Unchained,2012,165,8.4,1598654,162.81,Quentin Tarantino,"['Jamie Foxx', 'Christoph Waltz', 'Leonardo DiCaprio', 'Kerry Washington']"
Oldeuboi,2003,120,8.4,596103,0.71,Park Chan-wook,"['Choi Min-sik', 'Yoo Ji-tae', 'Kang Hye-jeong', 'Kim Byeong-Ok']"
Apocalypse Now,1979,147,8.4,681995,83.47,Francis Ford Coppola,"['Martin Sheen', 'Marlon Brando', 'Robert Duvall', 'Frederic Forrest']"
Memento,2000,113,8.4,1263134,25.54,Christopher Nolan,"['Guy Pearce', 'Carrie-Anne Moss', 'Joe Pantoliano', 'Mark Boone Junior']"
The Dark Knight Rises,2012,164,8.4,1740960,448.14,Christopher Nolan,"['Christian Bale', 'Tom Hardy', 'Anne Hathaway', 'Gary Oldman']"
Idi i smotri,1985,142,8.4,85823,102.79658653846153,Elem Klimov,"['Aleksey Kravchenko', 'Olga Mironova', 'Liubomiras Laucevicius', 'Vladas Bagdonas']"
Aliens,1986,137,8.4,732272,85.16,James Cameron,"['Sigourney Weaver', 'Michael Biehn', 'Carrie Henn', 'Paul Reiser']"
Kimi no na wa.,2016,106,8.4,286532,5.02,Makoto Shinkai,"['Ryunosuke Kamiki', 'Mone Kamishiraishi', 'Ryo Narita', 'Aoi Yûki']"
Coco,2017,105,8.4,533616,209.73,"Directors:Lee Unkrich, Adrian Molina","['Anthony Gonzalez', 'Gael García Bernal', 'Benjamin Bratt', 'Alanna Ubach']"
WALL·E,2008,98,8.4,1142318,223.81,Andrew Stanton,"['Ben Burtt', 'Elissa Knight', 'Jeff Garlin', 'Fred Willard']"
Amadeus,1984,160,8.4,409619,51.97,Milos Forman,"['F. Murray Abraham', 'Tom Hulce', 'Elizabeth Berridge', 'Roy Dotrice']"
The Lives of Others,2006,137,8.4,396576,11.29,Florian Henckel von Donnersmarck,"['Ulrich Mühe', 'Martina Gedeck', 'Sebastian Koch', 'Ulrich Tukur']"
Capharnaüm,2018,126,8.4,95192,1.66,Nadine Labaki,"['Zain Al Rafeea', 'Yordanos Shiferaw', 'Boluwatife Treasure Bankole', 'Kawsar Al Haddad']"
Dr. Strangelove or: How I Learned to Stop Worrying and Love the Bomb,1964,95,8.4,500256,0.28,Stanley Kubrick,"['Peter Sellers', 'George C. Scott', 'Sterling Hayden', 'Keenan Wynn']"
Das Boot,1981,149,8.4,255567,11.49,Wolfgang Petersen,"['Jürgen Prochnow', 'Herbert Grönemeyer', 'Klaus Wennemann', 'Hubertus Bengsch']"
Sunset Blvd.,1950,110,8.4,226805,102.79658653846153,Billy Wilder,"['William Holden', 'Gloria Swanson', 'Erich von Stroheim', 'Nancy Olson']"
3 Idiots,2009,170,8.4,410695,6.53,Rajkumar Hirani,"['Aamir Khan', 'Madhavan', 'Mona Singh', 'Sharman Joshi']"
Witness for the Prosecution,1957,116,8.4,129493,8.18,Billy Wilder,"['Tyrone Power', 'Marlene Dietrich', 'Charles Laughton', 'Elsa Lanchester']"
Paths of Glory,1957,88,8.4,202167,102.79658653846153,Stanley Kubrick,"['Kirk Douglas', 'Ralph Meeker', 'Adolphe Menjou', 'George Macready']"
The Great Dictator,1940,125,8.4,228672,0.29,Charles Chaplin,"['Charles Chaplin', 'Paulette Goddard', 'Jack Oakie', 'Reginald Gardiner']"
Tengoku to jigoku,1963,143,8.4,47782,102.79658653846153,Akira Kurosawa,"['Toshirô Mifune', 'Yutaka Sada', 'Tatsuya Nakadai', 'Kyôko Kagawa']"
Kaithi,2019,145,8.4,36050,102.79658653846153,Lokesh Kanagaraj,"['Karthi', 'Narain', 'Arjun Das', 'George Maryan']"
Sardar Udham,2021,164,8.4,44124,102.79658653846153,Shoojit Sircar,"['Vicky Kaushal', 'Shaun Scott', 'Stephen Hogan', 'Amol Parashar']"
Drishyam 2,2021,152,8.4,38993,102.79658653846153,Jeethu Joseph,"['Mohanlal', 'Meena', 'Ansiba', 'Esther Anil']"
Asuran,2019,141,8.4,31171,102.79658653846153,Vetrimaaran,"['Dhanush', 'Manju Warrier', 'Prakash Raj', 'Pasupathy']"
Top Gun: Maverick,2022,130,8.3,588246,718.73,Joseph Kosinski,"['Tom Cruise', 'Jennifer Connelly', 'Miles Teller', 'Val Kilmer']"
Heat,1995,170,8.3,675635,67.44,Michael Mann,"['Al Pacino', 'Robert De Niro', 'Val Kilmer', 'Jon Voight']"
Good Will Hunting,1997,126,8.3,1003347,138.43,Gus Van Sant,"['Robin Williams', 'Matt Damon', 'Ben Affleck', 'Stellan Skarsgård']"
Inglourious Basterds,2009,153,8.3,1491266,120.54,Quentin Tarantino,"['Brad Pitt', 'Diane Kruger', 'Eli Roth', 'Mélanie Laurent']"
American Beauty,1999,122,8.3,1173314,130.1,Sam Mendes,"['Kevin Spacey', 'Annette Bening', 'Thora Birch', 'Wes Bentley']"
Requiem for a Dream,2000,102,8.3,861415,3.64,Darren Aronofsky,"['Ellen Burstyn', 'Jared Leto', 'Jennifer Connelly', 'Marlon Wayans']"
Braveheart,1995,178,8.3,1055464,75.6,Mel Gibson,"['Mel Gibson', 'Sophie Marceau', 'Patrick McGoohan', 'Angus Macfadyen']"
Scarface,1983,170,8.3,865767,45.6,Brian De Palma,"['Al Pacino', 'Michelle Pfeiffer', 'Steven Bauer', 'Mary Elizabeth Mastrantonio']"
Once Upon a Time in America,1984,229,8.3,360216,5.32,Sergio Leone,"['Robert De Niro', 'James Woods', 'Elizabeth McGovern', 'Treat Williams']"
2001: A Space Odyssey,1968,149,8.3,685149,56.95,Stanley Kubrick,"['Keir Dullea', 'Gary Lockwood', 'William Sylvester', 'Daniel Richter']"
Star Wars: Episode VI - Return of the Jedi,1983,131,8.3,1077185,309.13,Richard Marquand,"['Mark Hamill', 'Harrison Ford', 'Carrie Fisher', 'Billy Dee Williams']"
A Clockwork Orange,1971,136,8.3,847649,6.21,Stanley Kubrick,"['Malcolm McDowell', 'Patrick Magee', 'Michael Bates', 'Warren Clarke']"
Eternal Sunshine of the Spotless Mind,2004,108,8.3,1031014,34.4,Michel Gondry,"['Jim Carrey', 'Kate Winslet', 'Tom Wilkinson', 'Gerry Robert Byrne']"
Jagten,2012,115,8.3,341305,0.69,Thomas Vinterberg,"['Mads Mikkelsen', 'Thomas Bo Larsen', 'Annika Wedderkopp', 'Lasse Fogelstrøm']"
Incendies,2010,131,8.3,183955,6.86,Denis Villeneuve,"['Lubna Azabal', 'Mélissa Désormeaux-Poulin', 'Maxim Gaudette', 'Mustafa Kamel']"
Full Metal Jacket,1987,116,8.3,758505,46.36,Stanley Kubrick,"['Matthew Modine', 'R. Lee Ermey', ""Vincent D'Onofrio"", 'Adam Baldwin']"
Toy Story,1995,81,8.3,1017637,191.8,John Lasseter,"['Tom Hanks', 'Tim Allen', 'Don Rickles', 'Jim Varney']"
Reservoir Dogs,1992,99,8.3,1042537,2.83,Quentin Tarantino,"['Harvey Keitel', 'Tim Roth', 'Michael Madsen', 'Chris Penn']"
Hamilton,2020,160,8.3,101332,102.79658653846153,Thomas Kail,"['Lin-Manuel Miranda', 'Phillipa Soo', 'Leslie Odom Jr.', 'Renée Elise Goldsberry']"
Up,2009,96,8.3,1068917,293.0,"Directors:Pete Docter, Bob Peterson","['Edward Asner', 'Jordan Nagai', 'John Ratzenberger', 'Christopher Plummer']"
Le fabuleux destin d'Amélie Poulain,2001,122,8.3,769475,33.23,Jean-Pierre Jeunet,"['Audrey Tautou', 'Mathieu Kassovitz', 'Rufus', 'Lorella Cravotta']"
Lawrence of Arabia,1962,218,8.3,301014,44.82,David Lean,"[""Peter O'Toole"", 'Alec Guinness', 'Anthony Quinn', 'Jack Hawkins']"
Mononoke-hime,1997,134,8.3,406580,2.38,Hayao Miyazaki,"['Yôji Matsuda', 'Yuriko Ishida', 'Yûko Tanaka', 'Billy Crudup']"
Toy Story 3,2010,103,8.3,854691,415.0,Lee Unkrich,"['Tom Hanks', 'Tim Allen', 'Joan Cusack', 'Ned Beatty']"
Vertigo,1958,128,8.3,410780,3.2,Alfred Hitchcock,"['James Stewart', 'Kim Novak', 'Barbara Bel Geddes', 'Tom Helmore']"
To Kill a Mockingbird,1962,129,8.3,322132,102.79658653846153,Robert Mulligan,"['Gregory Peck', 'John Megna', 'Frank Overton', 'Rosemary Murphy']"
Citizen Kane,1941,119,8.3,450542,1.59,Orson Welles,"['Orson Welles', 'Joseph Cotten', 'Dorothy Comingore', 'Agnes Moorehead']"
North by Northwest,1959,136,8.3,334478,13.28,Alfred Hitchcock,"['Cary Grant', 'Eva Marie Saint', 'James Mason', 'Jessie Royce Landis']"
Metropolis,1927,153,8.3,178227,1.24,Fritz Lang,"['Brigitte Helm', 'Alfred Abel', 'Gustav Fröhlich', 'Rudolf Klein-Rogge']"
The Sting,1973,129,8.3,269511,159.6,George Roy Hill,"['Paul Newman', 'Robert Redford', 'Robert Shaw', 'Charles Durning']"
Singin' in the Rain,1952,103,8.3,248875,8.82,"Directors:Stanley Donen, Gene Kelly","['Gene Kelly', ""Donald O'Connor"", 'Debbie Reynolds', 'Jean Hagen']"
The Apartment,1960,125,8.3,186545,18.6,Billy Wilder,"['Jack Lemmon', 'Shirley MacLaine', 'Fred MacMurray', 'Ray Walston']"
Jodaeiye Nader az Simin,2011,123,8.3,249437,7.1,Asghar Farhadi,"['Payman Maadi', 'Leila Hatami', 'Sareh Bayat', 'Shahab Hosseini']"
M - Eine Stadt sucht einen Mörder,1931,117,8.3,161646,0.03,Fritz Lang,"['Peter Lorre', 'Ellen Widmann', 'Inge Landgut', 'Otto Wernicke']"
Kantara,2022,148,8.3,95359,102.79658653846153,Rishab Shetty,"['Rishab Shetty', 'Kishore Kumar G.', 'Achyuth Kumar', 'Sapthami Gowda']"
Ikiru,1952,143,8.3,81778,0.06,Akira Kurosawa,"['Takashi Shimura', 'Nobuo Kaneko', ""Shin'ichi Himori"", 'Haruo Tanaka']"
Judgment at Nuremberg,1961,179,8.3,79924,102.79658653846153,Stanley Kramer,"['Spencer Tracy', 'Burt Lancaster', 'Richard Widmark', 'Marlene Dietrich']"
Dangal,2016,161,8.3,197234,12.39,Nitesh Tiwari,"['Aamir Khan', 'Sakshi Tanwar', 'Fatima Sana Shaikh', 'Sanya Malhotra']"
Double Indemnity,1944,107,8.3,160799,5.72,Billy Wilder,"['Fred MacMurray', 'Barbara Stanwyck', 'Edward G. Robinson', 'Byron Barr']"
Taare Zameen Par,2007,165,8.3,197938,1.22,"Directors:Aamir Khan, Amole Gupte","['Darsheel Safary', 'Aamir Khan', 'Tanay Chheda', 'Sachet Engineer']"
Ladri di biciclette,1948,89,8.3,167514,0.33,Vittorio De Sica,"['Lamberto Maggiorani', 'Enzo Staiola', 'Lianella Carell', 'Elena Altieri']"
K.G.F: Chapter 2,2022,168,8.3,139555,6.6,Prashanth Neel,"['Yash', 'Sanjay Dutt', 'Raveena Tandon', 'Srinidhi Shetty']"
Vikram,2022,175,8.3,63782,102.79658653846153,Lokesh Kanagaraj,"['Kamal Haasan', 'Vijay Sethupathi', 'Fahadh Faasil', 'Narain']"
Ratsasan,2018,170,8.3,46914,102.79658653846153,Ram Kumar,"['Vishnu Vishal', 'Amala Paul', 'Radha Ravi', 'Sangili Murugan']"
The Kid,1921,68,8.3,129266,5.45,Charles Chaplin,"['Charles Chaplin', 'Edna Purviance', 'Jackie Coogan', 'Carl Miller']"
Ayla: The Daughter of War,2017,125,8.3,41538,102.79658653846153,Can Ulkay,"['Çetin Tekindor', 'Ismail Hacioglu', 'Kyung-jin Lee', 'Kim Seol']"
Shershaah,2021,135,8.3,124736,102.79658653846153,Vishnuvardhan,"['Sidharth Malhotra', 'Kiara Advani', 'Shiv Panditt', 'Pranay Pachauri']"
Chhichhore,2019,143,8.3,57752,0.9,Nitesh Tiwari,"['Sushant Singh Rajput', 'Shraddha Kapoor', 'Varun Sharma', 'Prateik Babbar']"
Drishyam,2013,160,8.3,42614,102.79658653846153,Jeethu Joseph,"['Mohanlal', 'Meena', 'Asha Sharath', 'Ansiba']"
Guardians of the Galaxy Vol. 3,2023,150,8.2,144022,102.79658653846153,James Gunn,"['Chris Pratt', 'Chukwudi Iwuji', 'Bradley Cooper', 'Pom Klementieff']"
The Wolf of Wall Street,2013,180,8.2,1462246,116.9,Martin Scorsese,"['Leonardo DiCaprio', 'Jonah Hill', 'Margot Robbie', 'Matthew McConaughey']"
Spider-Man: No Way Home,2021,148,8.2,796251,804.75,Jon Watts,"['Tom Holland', 'Zendaya', 'Benedict Cumberbatch', 'Jacob Batalon']"
Jurassic Park,1993,127,8.2,1013472,402.45,Steven Spielberg,"['Sam Neill', 'Laura Dern', 'Jeff Goldblum', 'Richard Attenborough']"
Taxi Driver,1976,114,8.2,863584,28.26,Martin Scorsese,"['Robert De Niro', 'Jodie Foster', 'Cybill Shepherd', 'Albert Brooks']"
Shutter Island,2010,138,8.2,1360303,128.01,Martin Scorsese,"['Leonardo DiCaprio', 'Emily Mortimer', 'Mark Ruffalo', 'Ben Kingsley']"
No Country for Old Men,2007,122,8.2,1001229,74.28,"Directors:Ethan Coen, Joel Coen","['Tommy Lee Jones', 'Javier Bardem', 'Josh Brolin', 'Woody Harrelson']"
Indiana Jones and the Last Crusade,1989,127,8.2,770837,197.17,Steven Spielberg,"['Harrison Ford', 'Sean Connery', 'Alison Doody', 'Denholm Elliott']"
ذا فاذر,2020,97,8.2,168536,102.79658653846153,Florian Zeller,"['Anthony Hopkins', 'Olivia Colman', 'Mark Gatiss', 'Olivia Williams']"
1917,2019,119,8.2,620547,159.23,Sam Mendes,"['Dean-Charles Chapman', 'George MacKay', 'Daniel Mays', 'Colin Firth']"
There Will Be Blood,2007,158,8.2,602179,40.22,Paul Thomas Anderson,"['Daniel Day-Lewis', 'Paul Dano', 'Ciarán Hinds', 'Martin Stringer']"
Green Book,2018,130,8.2,518811,85.08,Peter Farrelly,"['Viggo Mortensen', 'Mahershala Ali', 'Linda Cardellini', 'Sebastian Maniscalco']"
Hauru no ugoku shiro,2004,119,8.2,411628,4.71,Hayao Miyazaki,"['Chieko Baishô', 'Takuya Kimura', 'Tatsuya Gashûin', 'Akihiro Miwa']"
Snatch,2000,104,8.2,873798,30.33,Guy Ritchie,"['Jason Statham', 'Brad Pitt', 'Stephen Graham', 'Vinnie Jones']"
Casino,1995,178,8.2,534532,42.44,Martin Scorsese,"['Robert De Niro', 'Sharon Stone', 'Joe Pesci', 'James Woods']"
The Thing,1982,109,8.2,438395,13.78,John Carpenter,"['Kurt Russell', 'Wilford Brimley', 'Keith David', 'Richard Masur']"
Kill Bill: Vol. 1,2003,111,8.2,1140406,70.1,Quentin Tarantino,"['Uma Thurman', 'David Carradine', 'Daryl Hannah', 'Michael Madsen']"
Batman Begins,2005,140,8.2,1502736,206.85,Christopher Nolan,"['Christian Bale', 'Michael Caine', 'Ken Watanabe', 'Liam Neeson']"
The Truman Show,1998,103,8.2,1116542,125.62,Peter Weir,"['Jim Carrey', 'Ed Harris', 'Laura Linney', 'Noah Emmerich']"
A Beautiful Mind,2001,135,8.2,950110,170.74,Ron Howard,"['Russell Crowe', 'Ed Harris', 'Jennifer Connelly', 'Christopher Plummer']"
The Sixth Sense,1999,107,8.2,1010783,293.51,M. Night Shyamalan,"['Bruce Willis', 'Haley Joel Osment', 'Toni Collette', 'Olivia Williams']"
Finding Nemo,2003,100,8.2,1066033,380.84,"Directors:Andrew Stanton, Lee Unkrich","['Albert Brooks', 'Ellen DeGeneres', 'Alexander Gould', 'Willem Dafoe']"
Die Hard,1988,132,8.2,901072,83.01,John McTiernan,"['Bruce Willis', 'Alan Rickman', 'Bonnie Bedelia', 'Reginald VelJohnson']"
Unforgiven,1992,130,8.2,420768,101.16,Clint Eastwood,"['Clint Eastwood', 'Gene Hackman', 'Morgan Freeman', 'Richard Harris']"
Pan's Labyrinth,2006,118,8.2,680804,37.63,Guillermo del Toro,"['Ivana Baquero', 'Ariadna Gil', 'Sergi López', 'Maribel Verdú']"
Chinatown,1974,130,8.2,334613,8.49,Roman Polanski,"['Jack Nicholson', 'Faye Dunaway', 'John Huston', 'Perry Lopez']"
L.A. Confidential,1997,138,8.2,593031,64.62,Curtis Hanson,"['Kevin Spacey', 'Russell Crowe', 'Guy Pearce', 'Kim Basinger']"
V for Vendetta,2005,132,8.2,1140465,70.51,James McTeigue,"['Hugo Weaving', 'Natalie Portman', 'Rupert Graves', 'Stephen Rea']"
Gone with the Wind,1939,238,8.2,322345,198.68,"Directors:Victor Fleming, George Cukor, Sam Wood","['Clark Gable', 'Vivien Leigh', 'Thomas Mitchell', ""Barbara O'Neil""]"
Der Untergang,2004,156,8.2,362272,5.51,Oliver Hirschbiegel,"['Bruno Ganz', 'Alexandra Maria Lara', 'Ulrich Matthes', 'Juliane Köhler']"
Monty Python and the Holy Grail,1975,91,8.2,551701,1.23,"Directors:Terry Gilliam, Terry Jones","['Graham Chapman', 'John Cleese', 'Eric Idle', 'Terry Gilliam']"
Some Like It Hot,1959,121,8.2,273073,25.0,Billy Wilder,"['Marilyn Monroe', 'Tony Curtis', 'Jack Lemmon', 'George Raft']"
The Elephant Man,1980,124,8.2,247813,102.79658653846153,David Lynch,"['Anthony Hopkins', 'John Hurt', 'Anne Bancroft', 'John Gielgud']"
ديمن سلاير: موغين تراين - عرض خاص,2020,117,8.2,64273,47.7,Haruo Sotozaki,"['Natsuki Hanae', 'Akari Kitô', 'Yoshitsugu Matsuoka', 'Hiro Shimono']"
The Great Escape,1963,172,8.2,249420,12.1,John Sturges,"['Steve McQueen', 'James Garner', 'Richard Attenborough', 'Charles Bronson']"
El secreto de sus ojos,2009,129,8.2,214082,6.39,Juan José Campanella,"['Ricardo Darín', 'Soledad Villamil', 'Pablo Rago', 'Carla Quevedo']"
Tumbbad,2018,104,8.2,52954,102.79658653846153,"Directors:Rahi Anil Barve, Anand Gandhi, Adesh Prasad","['Sohum Shah', 'Jyoti Malshe', 'Anita Date-Kelkar', 'Ronjini Chakraborty']"
Per qualche dollaro in più,1965,132,8.2,262710,15.0,Sergio Leone,"['Clint Eastwood', 'Lee Van Cleef', 'Gian Maria Volontè', 'Mara Krupp']"
Ran,1985,162,8.2,129096,4.14,Akira Kurosawa,"['Tatsuya Nakadai', 'Akira Terao', 'Jinpachi Nezu', 'Daisuke Ryû']"
Drishyam 2,2022,140,8.2,36876,102.79658653846153,Abhishek Pathak,"['Ajay Devgn', 'Akshaye Khanna', 'Tabu', 'Shriya Saran']"
All About Eve,1950,138,8.2,134032,0.01,Joseph L. Mankiewicz,"['Bette Davis', 'Anne Baxter', 'George Sanders', 'Celeste Holm']"
Gangs of Wasseypur,2012,321,8.2,99312,102.79658653846153,Anurag Kashyap,"['Manoj Bajpayee', 'Nawazuddin Siddiqui', 'Tigmanshu Dhulia', 'Richa Chadha']"
The Treasure of the Sierra Madre,1948,126,8.2,127885,5.01,John Huston,"['Humphrey Bogart', 'Walter Huston', 'Tim Holt', 'Bruce Bennett']"
Vikram Vedha,2017,147,8.2,47608,102.79658653846153,"Directors:Gayatri, Pushkar, Gowtham Selvaraj","['Madhavan', 'Vijay Sethupathi', 'Shraddha Srinath', 'Kathir']"
Andhadhun,2018,139,8.2,97129,1.37,Sriram Raghavan,"['Tabu', 'Ayushmann Khurrana', 'Radhika Apte', 'Anil Dhawan']"
Dial M for Murder,1954,105,8.2,180524,0.01,Alfred Hitchcock,"['Ray Milland', 'Grace Kelly', 'Robert Cummings', 'John Williams']"
Baahubali 2: The Conclusion,2017,167,8.2,106651,20.19,S.S. Rajamouli,"['Prabhas', 'Rana Daggubati', 'Anushka Shetty', 'Tamannaah Bhatia']"
Klaus,2019,96,8.2,166060,102.79658653846153,"Directors:Sergio Pablos, Carlos Martínez López","['Jason Schwartzman', 'J.K. Simmons', 'Rashida Jones', 'Will Sasso']"
Rashômon,1950,88,8.2,172678,0.1,Akira Kurosawa,"['Toshirô Mifune', 'Machiko Kyô', 'Masayuki Mori', 'Takashi Shimura']"
Yôjinbô,1961,110,8.2,125831,102.79658653846153,Akira Kurosawa,"['Toshirô Mifune', 'Eijirô Tôno', 'Tatsuya Nakadai', 'Yôko Tsukasa']"
Miracle in Cell No. 7,2019,132,8.2,51615,102.79658653846153,Mehmet Ada Öztekin,"['Aras Bulut Iynemli', 'Nisa Sofiya Aksongur', 'Deniz Baysal', 'Celile Toyon Uysal']"
Drishyam,2015,163,8.2,88469,0.74,Nishikant Kamat,"['Ajay Devgn', 'Shriya Saran', 'Tabu', 'Rajat Kapoor']"
Z,1969,127,8.2,29966,0.08,Costa-Gavras,"['Yves Montand', 'Irene Papas', 'Jean-Louis Trintignant', 'François Périer']"
Zindagi Na Milegi Dobara,2011,155,8.2,81357,3.11,Zoya Akhtar,"['Hrithik Roshan', 'Farhan Akhtar', 'Abhay Deol', 'Katrina Kaif']"
Tôkyô monogatari,1953,136,8.2,64076,102.79658653846153,Yasujirô Ozu,"['Chishû Ryû', 'Chieko Higashiyama', 'Sô Yamamura', 'Setsuko Hara']"
Uri: The Surgical Strike,2019,138,8.2,67280,4.19,Aditya Dhar,"['Vicky Kaushal', 'Paresh Rawal', 'Mohit Raina', 'Yami Gautam']"
To Be or Not to Be,1942,99,8.2,39630,102.79658653846153,Ernst Lubitsch,"['Carole Lombard', 'Jack Benny', 'Robert Stack', 'Felix Bressart']"
Bacheha-Ye aseman,1997,89,8.2,76674,0.93,Majid Majidi,"['Mohammad Amir Naji', 'Amir Farrokh Hashemian', 'Bahare Seddiqi', 'Nafise Jafar-Mohammadi']"
Pather Panchali,1955,125,8.2,35001,0.54,Satyajit Ray,"['Kanu Bannerjee', 'Karuna Bannerjee', 'Subir Banerjee', 'Chunibala Devi']"
Le salaire de la peur,1953,131,8.2,63146,102.79658653846153,Henri-Georges Clouzot,"['Yves Montand', 'Charles Vanel', 'Peter van Eyck', 'Folco Lulli']"
La passion de Jeanne d'Arc,1928,110,8.2,57273,0.02,Carl Theodor Dreyer,"['Maria Falconetti', 'Eugene Silvain', 'André Berley', 'Maurice Schutz']"
"Swades: We, the People",2004,210,8.2,93596,1.22,Ashutosh Gowariker,"['Shah Rukh Khan', 'Gayatri Joshi', 'Kishori Ballal', 'Smith Seth']"
K.G.F: Chapter 1,2018,156,8.2,91542,102.79658653846153,Prashanth Neel,"['Yash', 'Srinidhi Shetty', 'Ramachandra Raju', 'Archana Jois']"
Sherlock Jr.,1924,45,8.2,52415,0.98,Buster Keaton,"['Buster Keaton', 'Kathryn McGuire', 'Joe Keaton', 'Erwin Connelly']"
Rangasthalam,2018,170,8.2,26140,3.51,Sukumar,"['Ram Charan', 'Samantha Ruth Prabhu', 'Aadhi', 'Jagapathi Babu']"
Dersu Uzala,1975,142,8.2,31859,102.79658653846153,Akira Kurosawa,"['Maksim Munzuk', 'Yuriy Solomin', 'Mikhail Bychkov', 'Vladimir Khrulyov']"
Babam ve Oglum,2005,112,8.2,88173,102.79658653846153,Çagan Irmak,"['Çetin Tekindor', 'Fikret Kuskan', 'Hümeyra', 'Ege Tanman']"
Umberto D.,1952,89,8.2,26803,0.07,Vittorio De Sica,"['Carlo Battisti', 'Maria Pia Casilio', 'Lina Gennari', 'Ileana Simova']"
Bhaag Milkha Bhaag,2013,186,8.2,69790,1.63,Rakeysh Omprakash Mehra,"['Farhan Akhtar', 'Japtej Singh', 'Divya Dutta', 'Pawan Malhotra']"
Paan Singh Tomar,2012,135,8.2,37039,0.04,Tigmanshu Dhulia,"['Irrfan Khan', 'Mahie Gill', 'Rajesh Abhay', 'Hemendra Dandotiya']"
Mad Max: Fury Road,2015,120,8.1,1029691,154.06,George Miller,"['Tom Hardy', 'Charlize Theron', 'Nicholas Hoult', 'Zoë Kravitz']"
Ford v Ferrari,2019,152,8.1,418324,117.62,James Mangold,"['Matt Damon', 'Christian Bale', 'Jon Bernthal', 'Caitríona Balfe']"
Prisoners,2013,153,8.1,745415,61.0,Denis Villeneuve,"['Hugh Jackman', 'Jake Gyllenhaal', 'Viola Davis', 'Melissa Leo']"
The Grand Budapest Hotel,2014,99,8.1,838237,59.1,Wes Anderson,"['Ralph Fiennes', 'F. Murray Abraham', 'Mathieu Amalric', 'Adrien Brody']"
Jaws,1975,124,8.1,623682,260.0,Steven Spielberg,"['Roy Scheider', 'Robert Shaw', 'Richard Dreyfuss', 'Lorraine Gary']"
Pirates of the Caribbean: The Curse of the Black Pearl,2003,143,8.1,1153181,305.41,Gore Verbinski,"['Johnny Depp', 'Geoffrey Rush', 'Orlando Bloom', 'Keira Knightley']"
Blade Runner,1982,117,8.1,787634,32.87,Ridley Scott,"['Harrison Ford', 'Rutger Hauer', 'Sean Young', 'Edward James Olmos']"
Gone Girl,2014,149,8.1,1008280,167.77,David Fincher,"['Ben Affleck', 'Rosamund Pike', 'Neil Patrick Harris', 'Tyler Perry']"
The Help,2011,146,8.1,472286,169.71,Tate Taylor,"['Viola Davis', 'Emma Stone', 'Octavia Spencer', 'Bryce Dallas Howard']"
Stand by Me,1986,89,8.1,417268,52.29,Rob Reiner,"['Wil Wheaton', 'River Phoenix', 'Corey Feldman', ""Jerry O'Connell""]"
Hacksaw Ridge,2016,139,8.1,549345,67.21,Mel Gibson,"['Andrew Garfield', 'Sam Worthington', 'Luke Bracey', 'Teresa Palmer']"
Harry Potter and the Deathly Hallows: Part 2,2011,130,8.1,900132,381.01,David Yates,"['Daniel Radcliffe', 'Emma Watson', 'Rupert Grint', 'Michael Gambon']"
Trainspotting,1996,93,8.1,700938,16.5,Danny Boyle,"['Ewan McGregor', 'Ewen Bremner', 'Jonny Lee Miller', 'Kevin McKidd']"
Catch Me If You Can,2002,141,8.1,1020701,164.62,Steven Spielberg,"['Leonardo DiCaprio', 'Tom Hanks', 'Christopher Walken', 'Martin Sheen']"
The Terminator,1984,107,8.1,885085,38.4,James Cameron,"['Arnold Schwarzenegger', 'Linda Hamilton', 'Michael Biehn', 'Paul Winfield']"
The Big Lebowski,1998,117,8.1,826933,17.5,"Directors:Joel Coen, Ethan Coen","['Jeff Bridges', 'John Goodman', 'Julianne Moore', 'Steve Buscemi']"
The Exorcist,1973,122,8.1,421077,232.91,William Friedkin,"['Ellen Burstyn', 'Max von Sydow', 'Linda Blair', 'Lee J. Cobb']"
Ratatouille,2007,111,8.1,765794,206.45,"Directors:Brad Bird, Jan Pinkava","['Brad Garrett', 'Lou Romano', 'Patton Oswalt', 'Ian Holm']"
Dead Poets Society,1989,128,8.1,509547,95.86,Peter Weir,"['Robin Williams', 'Robert Sean Leonard', 'Ethan Hawke', 'Josh Charles']"
Ah-ga-ssi,2016,145,8.1,156892,2.01,Park Chan-wook,"['Kim Min-hee', 'Ha Jung-woo', 'Cho Jin-woong', 'Moon So-ri']"
The Wizard of Oz,1939,102,8.1,410267,2.08,"Directors:Victor Fleming, George Cukor, Mervyn LeRoy, Norman Taurog, Richard Thorpe, King Vidor","['Judy Garland', 'Frank Morgan', 'Ray Bolger', 'Bert Lahr']"
Inside Out,2015,95,8.1,735943,356.46,"Directors:Pete Docter, Ronnie Del Carmen","['Amy Poehler', 'Bill Hader', 'Lewis Black', 'Mindy Kaling']"
Logan,2017,137,8.1,787086,226.28,James Mangold,"['Hugh Jackman', 'Patrick Stewart', 'Dafne Keen', 'Boyd Holbrook']"
Into the Wild,2007,148,8.1,634959,18.35,Sean Penn,"['Emile Hirsch', 'Vince Vaughn', 'Catherine Keener', 'Marcia Gay Harden']"
Spotlight,2015,129,8.1,482043,45.06,Tom McCarthy,"['Mark Ruffalo', 'Michael Keaton', 'Rachel McAdams', 'Liev Schreiber']"
"Three Billboards Outside Ebbing, Missouri",2017,115,8.1,525877,54.51,Martin McDonagh,"['Frances McDormand', 'Woody Harrelson', 'Sam Rockwell', 'Caleb Landry Jones']"
Room,2015,118,8.1,431613,14.68,Lenny Abrahamson,"['Brie Larson', 'Jacob Tremblay', 'Sean Bridgers', 'Wendy Crewson']"
Rocky,1976,120,8.1,598068,117.24,John G. Avildsen,"['Sylvester Stallone', 'Talia Shire', 'Burt Young', 'Carl Weathers']"
Fargo,1996,98,8.1,692554,24.61,"Directors:Joel Coen, Ethan Coen","['William H. Macy', 'Frances McDormand', 'Steve Buscemi', 'Peter Stormare']"
"Monsters, Inc.",2001,92,8.1,931637,289.92,"Directors:Pete Docter, David Silverman, Lee Unkrich","['Billy Crystal', 'John Goodman', 'Mary Gibbs', 'Steve Buscemi']"
"Lock, Stock and Two Smoking Barrels",1998,107,8.1,595047,3.9,Guy Ritchie,"['Jason Flemyng', 'Dexter Fletcher', 'Nick Moran', 'Jason Statham']"
The Deer Hunter,1978,183,8.1,346627,48.98,Michael Cimino,"['Robert De Niro', 'Christopher Walken', 'John Cazale', 'John Savage']"
Salinui chueok,2003,131,8.1,195686,0.01,Bong Joon Ho,"['Song Kang-ho', 'Kim Sang-kyung', 'Roe-ha Kim', 'Jae-ho Song']"
Before Sunrise,1995,101,8.1,320238,5.54,Richard Linklater,"['Ethan Hawke', 'Julie Delpy', 'Andrea Eckert', 'Hanno Pöschl']"
Raging Bull,1980,129,8.1,363025,23.38,Martin Scorsese,"['Robert De Niro', 'Cathy Moriarty', 'Joe Pesci', 'Frank Vincent']"
Gran Torino,2008,116,8.1,789390,148.1,Clint Eastwood,"['Clint Eastwood', 'Bee Vang', 'Christopher Carley', 'Ahney Her']"
Platoon,1986,120,8.1,423166,138.53,Oliver Stone,"['Charlie Sheen', 'Tom Berenger', 'Willem Dafoe', 'Keith David']"
How to Train Your Dragon,2010,98,8.1,760904,217.58,"Directors:Dean DeBlois, Chris Sanders","['Jay Baruchel', 'Gerard Butler', 'Christopher Mintz-Plasse', 'Craig Ferguson']"
Warrior,2011,140,8.1,481695,13.66,Gavin O'Connor,"['Tom Hardy', 'Nick Nolte', 'Joel Edgerton', 'Jennifer Morrison']"
The Sound of Music,1965,172,8.1,244478,163.21,Robert Wise,"['Julie Andrews', 'Christopher Plummer', 'Eleanor Parker', 'Richard Haydn']"
Rush,2013,123,8.1,490954,26.95,Ron Howard,"['Daniel Brühl', 'Chris Hemsworth', 'Olivia Wilde', 'Alexandra Maria Lara']"
12 Years a Slave,2013,134,8.1,715555,56.67,Steve McQueen,"['Chiwetel Ejiofor', 'Michael Kenneth Williams', 'Michael Fassbender', 'Brad Pitt']"
The Shawshank Redemption,1994,142,9.3,2744465,28.34,Frank Darabont,"['Tim Robbins', 'Morgan Freeman', 'Bob Gunton', 'William Sadler']"
The Godfather,1972,175,9.2,1908531,134.97,Francis Ford Coppola,"['Marlon Brando', 'Al Pacino', 'James Caan', 'Diane Keaton']"
The Dark Knight,2008,152,9.0,2717164,534.86,Christopher Nolan,"['Christian Bale', 'Heath Ledger', 'Aaron Eckhart', 'Michael Caine']"
Schindler's List,1993,195,9.0,1384620,96.9,Steven Spielberg,"['Liam Neeson', 'Ralph Fiennes', 'Ben Kingsley', 'Caroline Goodall']"
The Godfather Part II,1974,202,9.0,1300450,57.3,Francis Ford Coppola,"['Al Pacino', 'Robert De Niro', 'Robert Duvall', 'Diane Keaton']"
12 Angry Men,1957,96,9.0,812491,4.36,Sidney Lumet,"['Henry Fonda', 'Lee J. Cobb', 'Martin Balsam', 'John Fiedler']"
The Lord of the Rings: The Return of the King,2003,201,9.0,1886427,377.85,Peter Jackson,"['Elijah Wood', 'Viggo Mortensen', 'Ian McKellen', 'Orlando Bloom']"
Pulp Fiction,1994,154,8.9,2108844,107.93,Quentin Tarantino,"['John Travolta', 'Uma Thurman', 'Samuel L. Jackson', 'Bruce Willis']"
Inception,2010,148,8.8,2411986,292.58,Christopher Nolan,"['Leonardo DiCaprio', 'Joseph Gordon-Levitt', 'Elliot Page', 'Ken Watanabe']"
Fight Club,1999,139,8.8,2185425,37.03,David Fincher,"['Brad Pitt', 'Edward Norton', 'Meat Loaf', 'Zach Grenier']"
The Lord of the Rings: The Fellowship of the Ring,2001,178,8.8,1915141,315.54,Peter Jackson,"['Elijah Wood', 'Ian McKellen', 'Orlando Bloom', 'Sean Bean']"
Forrest Gump,1994,142,8.8,2135275,330.25,Robert Zemeckis,"['Tom Hanks', 'Robin Wright', 'Gary Sinise', 'Sally Field']"
"Il buono, il brutto, il cattivo",1966,161,8.8,776974,6.1,Sergio Leone,"['Clint Eastwood', 'Eli Wallach', 'Lee Van Cleef', 'Aldo Giuffrè']"
The Lord of the Rings: The Two Towers,2002,179,8.8,1702734,342.55,Peter Jackson,"['Elijah Wood', 'Ian McKellen', 'Viggo Mortensen', 'Orlando Bloom']"
Jai Bhim,2021,164,8.8,206733,102.79658653846153,T.J. Gnanavel,"['Suriya', 'Lijo Mol Jose', 'Manikandan K.', 'Rajisha Vijayan']"
777 Charlie,2022,164,8.8,34812,102.79658653846153,Kiranraj K,"['Rakshit Shetty', 'Charlie', 'Sangeetha Sringeri', 'Raj B. Shetty']"
Rocketry: The Nambi Effect,2022,157,8.8,53383,102.79658653846153,Madhavan,"['Madhavan', 'Simran', 'Rajit Kapoor', 'Ravi Raghavendra']"
Interstellar,2014,169,8.7,1909061,188.02,Christopher Nolan,"['Matthew McConaughey', 'Anne Hathaway', 'Jessica Chastain', 'Mackenzie Foy']"
GoodFellas,1990,145,8.7,1191062,46.84,Martin Scorsese,"['Robert De Niro', 'Ray Liotta', 'Joe Pesci', 'Lorraine Bracco']"
The Matrix,1999,136,8.7,1957049,171.48,"Directors:Lana Wachowski, Lilly Wachowski","['Keanu Reeves', 'Laurence Fishburne', 'Carrie-Anne Moss', 'Hugo Weaving']"
One Flew Over the Cuckoo's Nest,1975,133,8.7,1028464,112.0,Milos Forman,"['Jack Nicholson', 'Louise Fletcher', 'Michael Berryman', 'Peter Brocco']"
Star Wars: Episode V - The Empire Strikes Back,1980,124,8.7,1320621,290.48,Irvin Kershner,"['Mark Hamill', 'Harrison Ford', 'Carrie Fisher', 'Billy Dee Williams']"
Soorarai Pottru,2020,153,8.7,119458,102.79658653846153,Sudha Kongara,"['Suriya', 'Paresh Rawal', 'Aparna Balamurali', 'Urvashi']"
The Green Mile,1999,189,8.6,1334555,136.8,Frank Darabont,"['Tom Hanks', 'Michael Clarke Duncan', 'David Morse', 'Bonnie Hunt']"
Se7en,1995,127,8.6,1696922,100.13,David Fincher,"['Morgan Freeman', 'Brad Pitt', 'Kevin Spacey', 'Andrew Kevin Walker']"
The Silence of the Lambs,1991,118,8.6,1467017,130.74,Jonathan Demme,"['Jodie Foster', 'Anthony Hopkins', 'Lawrence A. Bonney', 'Kasi Lemmons']"
Star Wars,1977,121,8.6,1393078,322.74,George Lucas,"['Mark Hamill', 'Harrison Ford', 'Carrie Fisher', 'Alec Guinness']"
Saving Private Ryan,1998,169,8.6,1422860,216.54,Steven Spielberg,"['Tom Hanks', 'Matt Damon', 'Tom Sizemore', 'Edward Burns']"
Sen to Chihiro no kamikakushi,2001,125,8.6,789337,10.06,Hayao Miyazaki,"['Daveigh Chase', 'Suzanne Pleshette', 'Miyu Irino', 'Rumi Hiiragi']"
Terminator 2: Judgment Day,1991,137,8.6,1122619,204.84,James Cameron,"['Arnold Schwarzenegger', 'Linda Hamilton', 'Edward Furlong', 'Robert Patrick']"
Cidade de Deus,2002,130,8.6,770667,7.56,"Directors:Fernando Meirelles, Kátia Lund","['Alexandre Rodrigues', 'Leandro Firmino', 'Matheus Nachtergaele', 'Phellipe Haagensen']"
La vita è bella,1997,116,8.6,710880,57.6,Roberto Benigni,"['Roberto Benigni', 'Nicoletta Braschi', 'Giorgio Cantarini', 'Giustino Durano']"
Shichinin no samurai,1954,207,8.6,352730,0.27,Akira Kurosawa,"['Toshirô Mifune', 'Takashi Shimura', 'Keiko Tsushima', 'Yukiko Shimazaki']"
It's a Wonderful Life,1946,130,8.6,471967,102.79658653846153,Frank Capra,"['James Stewart', 'Donna Reed', 'Lionel Barrymore', 'Thomas Mitchell']"
Seppuku,1962,133,8.6,60924,102.79658653846153,Masaki Kobayashi,"['Tatsuya Nakadai', 'Akira Ishihama', 'Shima Iwashita', 'Tetsurô Tanba']"
Sita Ramam,2022,163,8.6,59767,102.79658653846153,Hanu Raghavapudi,"['Dulquer Salmaan', 'Mrunal Thakur', 'Rashmika Mandanna', 'Sumanth']"
Gisaengchung,2019,132,8.5,853927,53.37,Bong Joon Ho,"['Song Kang-ho', 'Lee Sun-kyun', 'Cho Yeo-jeong', 'Choi Woo-sik']"
The Departed,2006,151,8.5,1355728,132.38,Martin Scorsese,"['Leonardo DiCaprio', 'Matt Damon', 'Jack Nicholson', 'Mark Wahlberg']"
Whiplash,2014,106,8.5,903935,13.09,Damien Chazelle,"['Miles Teller', 'J.K. Simmons', 'Melissa Benoist', 'Paul Reiser']"
Léon,1994,110,8.5,1188926,19.5,Luc Besson,"['Jean Reno', 'Gary Oldman', 'Natalie Portman', 'Danny Aiello']"
Back to the Future,1985,116,8.5,1238116,210.61,Robert Zemeckis,"['Michael J. Fox', 'Christopher Lloyd', 'Lea Thompson', 'Crispin Glover']"
Gladiator,2000,155,8.5,1535607,187.71,Ridley Scott,"['Russell Crowe', 'Joaquin Phoenix', 'Connie Nielsen', 'Oliver Reed']"
The Prestige,2006,130,8.5,1363986,53.09,Christopher Nolan,"['Christian Bale', 'Hugh Jackman', 'Scarlett Johansson', 'Michael Caine']"
Alien,1979,117,8.5,902965,78.9,Ridley Scott,"['Sigourney Weaver', 'Tom Skerritt', 'John Hurt', 'Veronica Cartwright']"
Casablanca,1942,102,8.5,583312,1.02,Michael Curtiz,"['Humphrey Bogart', 'Ingrid Bergman', 'Paul Henreid', 'Claude Rains']"
The Lion King,1994,88,8.5,1084708,422.78,"Directors:Roger Allers, Rob Minkoff","['Matthew Broderick', 'Jeremy Irons', 'James Earl Jones', 'Whoopi Goldberg']"
American History X,1998,119,8.5,1143018,6.72,Tony Kaye,"['Edward Norton', 'Edward Furlong', ""Beverly D'Angelo"", 'Jennifer Lien']"
The Pianist,2002,150,8.5,855742,32.57,Roman Polanski,"['Adrien Brody', 'Thomas Kretschmann', 'Frank Finlay', 'Emilia Fox']"
The Usual Suspects,1995,106,8.5,1104141,23.34,Bryan Singer,"['Kevin Spacey', 'Gabriel Byrne', 'Chazz Palminteri', 'Stephen Baldwin']"
Psycho,1960,109,8.5,687439,32.0,Alfred Hitchcock,"['Anthony Perkins', 'Janet Leigh', 'Vera Miles', 'John Gavin']"
The Intouchables,2011,112,8.5,881278,13.18,"Directors:Olivier Nakache, Éric Toledano","['François Cluzet', 'Omar Sy', 'Anne Le Ny', 'Audrey Fleurot']"
Once Upon a Time in the West,1968,165,8.5,337059,5.32,Sergio Leone,"['Henry Fonda', 'Charles Bronson', 'Claudia Cardinale', 'Jason Robards']"
Hotaru no haka,1988,89,8.5,287223,102.79658653846153,Isao Takahata,"['Tsutomu Tatsumi', 'Ayano Shiraishi', 'Akemi Yamaguchi', 'Yoshiko Shinohara']"
Rear Window,1954,112,8.5,501773,36.76,Alfred Hitchcock,"['James Stewart', 'Grace Kelly', 'Wendell Corey', 'Thelma Ritter']"
Nuovo Cinema Paradiso,1988,155,8.5,268367,11.99,Giuseppe Tornatore,"['Philippe Noiret', 'Enzo Cannavale', 'Antonella Attili', 'Isa Danieli']"
Modern Times,1936,87,8.5,248253,0.16,Charles Chaplin,"['Charles Chaplin', 'Paulette Goddard', 'Henry Bergman', 'Tiny Sandford']"
City Lights,1931,87,8.5,188497,0.02,Charles Chaplin,"['Charles Chaplin', 'Virginia Cherrill', 'Florence Lee', 'Harry Myers']"
96,2018,158,8.5,33142,102.79658653846153,C. Prem Kumar,"['Vijay Sethupathi', 'Adithya Bhaskar', 'Trisha Krishnan', 'Gouri Kishan']"
Spider-Man: Into the Spider-Verse,2018,117,8.4,564092,190.24,"Directors:Bob Persichetti, Peter Ramsey, Rodney Rothman","['Shameik Moore', 'Jake Johnson', 'Hailee Steinfeld', 'Mahershala Ali']"
Avengers: Endgame,2019,181,8.4,1179125,858.37,"Directors:Anthony Russo, Joe Russo","['Robert Downey Jr.', 'Chris Evans', 'Mark Ruffalo', 'Chris Hemsworth']"
Raiders of the Lost Ark,1981,115,8.4,985834,248.16,Steven Spielberg,"['Harrison Ford', 'Karen Allen', 'Paul Freeman', 'John Rhys-Davies']"
Avengers: Infinity War,2018,149,8.4,1122577,678.82,"Directors:Anthony Russo, Joe Russo","['Robert Downey Jr.', 'Chris Hemsworth', 'Mark Ruffalo', 'Chris Evans']"
The Shining,1980,146,8.4,1048715,44.02,Stanley Kubrick,"['Jack Nicholson', 'Shelley Duvall', 'Danny Lloyd', 'Scatman Crothers']"
Joker,2019,122,8.4,1353423,335.45,Todd Phillips,"['Joaquin Phoenix', 'Robert De Niro', 'Zazie Beetz', 'Frances Conroy']"
Django Unchained,2012,165,8.4,1598654,162.81,Quentin Tarantino,"['Jamie Foxx', 'Christoph Waltz', 'Leonardo DiCaprio', 'Kerry Washington']"
Oldeuboi,2003,120,8.4,596103,0.71,Park Chan-wook,"['Choi Min-sik', 'Yoo Ji-tae', 'Kang Hye-jeong', 'Kim Byeong-Ok']"
Apocalypse Now,1979,147,8.4,681995,83.47,Francis Ford Coppola,"['Martin Sheen', 'Marlon Brando', 'Robert Duvall', 'Frederic Forrest']"
Memento,2000,113,8.4,1263134,25.54,Christopher Nolan,"['Guy Pearce', 'Carrie-Anne Moss', 'Joe Pantoliano', 'Mark Boone Junior']"
The Dark Knight Rises,2012,164,8.4,1740960,448.14,Christopher Nolan,"['Christian Bale', 'Tom Hardy', 'Anne Hathaway', 'Gary Oldman']"
Idi i smotri,1985,142,8.4,85823,102.79658653846153,Elem Klimov,"['Aleksey Kravchenko', 'Olga Mironova', 'Liubomiras Laucevicius', 'Vladas Bagdonas']"
Aliens,1986,137,8.4,732272,85.16,James Cameron,"['Sigourney Weaver', 'Michael Biehn', 'Carrie Henn', 'Paul Reiser']"
Kimi no na wa.,2016,106,8.4,286532,5.02,Makoto Shinkai,"['Ryunosuke Kamiki', 'Mone Kamishiraishi', 'Ryo Narita', 'Aoi Yûki']"
Coco,2017,105,8.4,533616,209.73,"Directors:Lee Unkrich, Adrian Molina","['Anthony Gonzalez', 'Gael García Bernal', 'Benjamin Bratt', 'Alanna Ubach']"
WALL·E,2008,98,8.4,1142318,223.81,Andrew Stanton,"['Ben Burtt', 'Elissa Knight', 'Jeff Garlin', 'Fred Willard']"
Amadeus,1984,160,8.4,409619,51.97,Milos Forman,"['F. Murray Abraham', 'Tom Hulce', 'Elizabeth Berridge', 'Roy Dotrice']"
The Lives of Others,2006,137,8.4,396576,11.29,Florian Henckel von Donnersmarck,"['Ulrich Mühe', 'Martina Gedeck', 'Sebastian Koch', 'Ulrich Tukur']"
Capharnaüm,2018,126,8.4,95192,1.66,Nadine Labaki,"['Zain Al Rafeea', 'Yordanos Shiferaw', 'Boluwatife Treasure Bankole', 'Kawsar Al Haddad']"
Dr. Strangelove or: How I Learned to Stop Worrying and Love the Bomb,1964,95,8.4,500256,0.28,Stanley Kubrick,"['Peter Sellers', 'George C. Scott', 'Sterling Hayden', 'Keenan Wynn']"
Das Boot,1981,149,8.4,255567,11.49,Wolfgang Petersen,"['Jürgen Prochnow', 'Herbert Grönemeyer', 'Klaus Wennemann', 'Hubertus Bengsch']"
Sunset Blvd.,1950,110,8.4,226805,102.79658653846153,Billy Wilder,"['William Holden', 'Gloria Swanson', 'Erich von Stroheim', 'Nancy Olson']"
3 Idiots,2009,170,8.4,410695,6.53,Rajkumar Hirani,"['Aamir Khan', 'Madhavan', 'Mona Singh', 'Sharman Joshi']"
Witness for the Prosecution,1957,116,8.4,129493,8.18,Billy Wilder,"['Tyrone Power', 'Marlene Dietrich', 'Charles Laughton', 'Elsa Lanchester']"
Paths of Glory,1957,88,8.4,202167,102.79658653846153,Stanley Kubrick,"['Kirk Douglas', 'Ralph Meeker', 'Adolphe Menjou', 'George Macready']"
The Great Dictator,1940,125,8.4,228672,0.29,Charles Chaplin,"['Charles Chaplin', 'Paulette Goddard', 'Jack Oakie', 'Reginald Gardiner']"
Tengoku to jigoku,1963,143,8.4,47782,102.79658653846153,Akira Kurosawa,"['Toshirô Mifune', 'Yutaka Sada', 'Tatsuya Nakadai', 'Kyôko Kagawa']"
Kaithi,2019,145,8.4,36050,102.79658653846153,Lokesh Kanagaraj,"['Karthi', 'Narain', 'Arjun Das', 'George Maryan']"
Sardar Udham,2021,164,8.4,44124,102.79658653846153,Shoojit Sircar,"['Vicky Kaushal', 'Shaun Scott', 'Stephen Hogan', 'Amol Parashar']"
Drishyam 2,2021,152,8.4,38993,102.79658653846153,Jeethu Joseph,"['Mohanlal', 'Meena', 'Ansiba', 'Esther Anil']"
Asuran,2019,141,8.4,31171,102.79658653846153,Vetrimaaran,"['Dhanush', 'Manju Warrier', 'Prakash Raj', 'Pasupathy']"
Top Gun: Maverick,2022,130,8.3,588246,718.73,Joseph Kosinski,"['Tom Cruise', 'Jennifer Connelly', 'Miles Teller', 'Val Kilmer']"
Heat,1995,170,8.3,675635,67.44,Michael Mann,"['Al Pacino', 'Robert De Niro', 'Val Kilmer', 'Jon Voight']"
Good Will Hunting,1997,126,8.3,1003347,138.43,Gus Van Sant,"['Robin Williams', 'Matt Damon', 'Ben Affleck', 'Stellan Skarsgård']"
Inglourious Basterds,2009,153,8.3,1491266,120.54,Quentin Tarantino,"['Brad Pitt', 'Diane Kruger', 'Eli Roth', 'Mélanie Laurent']"
American Beauty,1999,122,8.3,1173314,130.1,Sam Mendes,"['Kevin Spacey', 'Annette Bening', 'Thora Birch', 'Wes Bentley']"
Requiem for a Dream,2000,102,8.3,861415,3.64,Darren Aronofsky,"['Ellen Burstyn', 'Jared Leto', 'Jennifer Connelly', 'Marlon Wayans']"
Braveheart,1995,178,8.3,1055464,75.6,Mel Gibson,"['Mel Gibson', 'Sophie Marceau', 'Patrick McGoohan', 'Angus Macfadyen']"
Scarface,1983,170,8.3,865767,45.6,Brian De Palma,"['Al Pacino', 'Michelle Pfeiffer', 'Steven Bauer', 'Mary Elizabeth Mastrantonio']"
Once Upon a Time in America,1984,229,8.3,360216,5.32,Sergio Leone,"['Robert De Niro', 'James Woods', 'Elizabeth McGovern', 'Treat Williams']"
2001: A Space Odyssey,1968,149,8.3,685149,56.95,Stanley Kubrick,"['Keir Dullea', 'Gary Lockwood', 'William Sylvester', 'Daniel Richter']"
Star Wars: Episode VI - Return of the Jedi,1983,131,8.3,1077185,309.13,Richard Marquand,"['Mark Hamill', 'Harrison Ford', 'Carrie Fisher', 'Billy Dee Williams']"
A Clockwork Orange,1971,136,8.3,847649,6.21,Stanley Kubrick,"['Malcolm McDowell', 'Patrick Magee', 'Michael Bates', 'Warren Clarke']"
Eternal Sunshine of the Spotless Mind,2004,108,8.3,1031014,34.4,Michel Gondry,"['Jim Carrey', 'Kate Winslet', 'Tom Wilkinson', 'Gerry Robert Byrne']"
Jagten,2012,115,8.3,341305,0.69,Thomas Vinterberg,"['Mads Mikkelsen', 'Thomas Bo Larsen', 'Annika Wedderkopp', 'Lasse Fogelstrøm']"
Incendies,2010,131,8.3,183955,6.86,Denis Villeneuve,"['Lubna Azabal', 'Mélissa Désormeaux-Poulin', 'Maxim Gaudette', 'Mustafa Kamel']"
Full Metal Jacket,1987,116,8.3,758505,46.36,Stanley Kubrick,"['Matthew Modine', 'R. Lee Ermey', ""Vincent D'Onofrio"", 'Adam Baldwin']"
Toy Story,1995,81,8.3,1017637,191.8,John Lasseter,"['Tom Hanks', 'Tim Allen', 'Don Rickles', 'Jim Varney']"
Reservoir Dogs,1992,99,8.3,1042537,2.83,Quentin Tarantino,"['Harvey Keitel', 'Tim Roth', 'Michael Madsen', 'Chris Penn']"
Hamilton,2020,160,8.3,101332,102.79658653846153,Thomas Kail,"['Lin-Manuel Miranda', 'Phillipa Soo', 'Leslie Odom Jr.', 'Renée Elise Goldsberry']"
Up,2009,96,8.3,1068917,293.0,"Directors:Pete Docter, Bob Peterson","['Edward Asner', 'Jordan Nagai', 'John Ratzenberger', 'Christopher Plummer']"
Le fabuleux destin d'Amélie Poulain,2001,122,8.3,769475,33.23,Jean-Pierre Jeunet,"['Audrey Tautou', 'Mathieu Kassovitz', 'Rufus', 'Lorella Cravotta']"
Lawrence of Arabia,1962,218,8.3,301014,44.82,David Lean,"[""Peter O'Toole"", 'Alec Guinness', 'Anthony Quinn', 'Jack Hawkins']"
Mononoke-hime,1997,134,8.3,406580,2.38,Hayao Miyazaki,"['Yôji Matsuda', 'Yuriko Ishida', 'Yûko Tanaka', 'Billy Crudup']"
Toy Story 3,2010,103,8.3,854691,415.0,Lee Unkrich,"['Tom Hanks', 'Tim Allen', 'Joan Cusack', 'Ned Beatty']"
Vertigo,1958,128,8.3,410780,3.2,Alfred Hitchcock,"['James Stewart', 'Kim Novak', 'Barbara Bel Geddes', 'Tom Helmore']"
To Kill a Mockingbird,1962,129,8.3,322132,102.79658653846153,Robert Mulligan,"['Gregory Peck', 'John Megna', 'Frank Overton', 'Rosemary Murphy']"
Citizen Kane,1941,119,8.3,450542,1.59,Orson Welles,"['Orson Welles', 'Joseph Cotten', 'Dorothy Comingore', 'Agnes Moorehead']"
North by Northwest,1959,136,8.3,334478,13.28,Alfred Hitchcock,"['Cary Grant', 'Eva Marie Saint', 'James Mason', 'Jessie Royce Landis']"
Metropolis,1927,153,8.3,178227,1.24,Fritz Lang,"['Brigitte Helm', 'Alfred Abel', 'Gustav Fröhlich', 'Rudolf Klein-Rogge']"
The Sting,1973,129,8.3,269511,159.6,George Roy Hill,"['Paul Newman', 'Robert Redford', 'Robert Shaw', 'Charles Durning']"
Singin' in the Rain,1952,103,8.3,248875,8.82,"Directors:Stanley Donen, Gene Kelly","['Gene Kelly', ""Donald O'Connor"", 'Debbie Reynolds', 'Jean Hagen']"
The Apartment,1960,125,8.3,186545,18.6,Billy Wilder,"['Jack Lemmon', 'Shirley MacLaine', 'Fred MacMurray', 'Ray Walston']"
Jodaeiye Nader az Simin,2011,123,8.3,249437,7.1,Asghar Farhadi,"['Payman Maadi', 'Leila Hatami', 'Sareh Bayat', 'Shahab Hosseini']"
M - Eine Stadt sucht einen Mörder,1931,117,8.3,161646,0.03,Fritz Lang,"['Peter Lorre', 'Ellen Widmann', 'Inge Landgut', 'Otto Wernicke']"
Kantara,2022,148,8.3,95359,102.79658653846153,Rishab Shetty,"['Rishab Shetty', 'Kishore Kumar G.', 'Achyuth Kumar', 'Sapthami Gowda']"
Ikiru,1952,143,8.3,81778,0.06,Akira Kurosawa,"['Takashi Shimura', 'Nobuo Kaneko', ""Shin'ichi Himori"", 'Haruo Tanaka']"
Judgment at Nuremberg,1961,179,8.3,79924,102.79658653846153,Stanley Kramer,"['Spencer Tracy', 'Burt Lancaster', 'Richard Widmark', 'Marlene Dietrich']"
Dangal,2016,161,8.3,197234,12.39,Nitesh Tiwari,"['Aamir Khan', 'Sakshi Tanwar', 'Fatima Sana Shaikh', 'Sanya Malhotra']"
Double Indemnity,1944,107,8.3,160799,5.72,Billy Wilder,"['Fred MacMurray', 'Barbara Stanwyck', 'Edward G. Robinson', 'Byron Barr']"
Taare Zameen Par,2007,165,8.3,197938,1.22,"Directors:Aamir Khan, Amole Gupte","['Darsheel Safary', 'Aamir Khan', 'Tanay Chheda', 'Sachet Engineer']"
Ladri di biciclette,1948,89,8.3,167514,0.33,Vittorio De Sica,"['Lamberto Maggiorani', 'Enzo Staiola', 'Lianella Carell', 'Elena Altieri']"
K.G.F: Chapter 2,2022,168,8.3,139555,6.6,Prashanth Neel,"['Yash', 'Sanjay Dutt', 'Raveena Tandon', 'Srinidhi Shetty']"
Vikram,2022,175,8.3,63782,102.79658653846153,Lokesh Kanagaraj,"['Kamal Haasan', 'Vijay Sethupathi', 'Fahadh Faasil', 'Narain']"
Ratsasan,2018,170,8.3,46914,102.79658653846153,Ram Kumar,"['Vishnu Vishal', 'Amala Paul', 'Radha Ravi', 'Sangili Murugan']"
The Kid,1921,68,8.3,129266,5.45,Charles Chaplin,"['Charles Chaplin', 'Edna Purviance', 'Jackie Coogan', 'Carl Miller']"
Ayla: The Daughter of War,2017,125,8.3,41538,102.79658653846153,Can Ulkay,"['Çetin Tekindor', 'Ismail Hacioglu', 'Kyung-jin Lee', 'Kim Seol']"
Shershaah,2021,135,8.3,124736,102.79658653846153,Vishnuvardhan,"['Sidharth Malhotra', 'Kiara Advani', 'Shiv Panditt', 'Pranay Pachauri']"
Chhichhore,2019,143,8.3,57752,0.9,Nitesh Tiwari,"['Sushant Singh Rajput', 'Shraddha Kapoor', 'Varun Sharma', 'Prateik Babbar']"
Drishyam,2013,160,8.3,42614,102.79658653846153,Jeethu Joseph,"['Mohanlal', 'Meena', 'Asha Sharath', 'Ansiba']"
Guardians of the Galaxy Vol. 3,2023,150,8.2,144022,102.79658653846153,James Gunn,"['Chris Pratt', 'Chukwudi Iwuji', 'Bradley Cooper', 'Pom Klementieff']"
The Wolf of Wall Street,2013,180,8.2,1462246,116.9,Martin Scorsese,"['Leonardo DiCaprio', 'Jonah Hill', 'Margot Robbie', 'Matthew McConaughey']"
Spider-Man: No Way Home,2021,148,8.2,796251,804.75,Jon Watts,"['Tom Holland', 'Zendaya', 'Benedict Cumberbatch', 'Jacob Batalon']"
Jurassic Park,1993,127,8.2,1013472,402.45,Steven Spielberg,"['Sam Neill', 'Laura Dern', 'Jeff Goldblum', 'Richard Attenborough']"
Taxi Driver,1976,114,8.2,863584,28.26,Martin Scorsese,"['Robert De Niro', 'Jodie Foster', 'Cybill Shepherd', 'Albert Brooks']"
Shutter Island,2010,138,8.2,1360303,128.01,Martin Scorsese,"['Leonardo DiCaprio', 'Emily Mortimer', 'Mark Ruffalo', 'Ben Kingsley']"
No Country for Old Men,2007,122,8.2,1001229,74.28,"Directors:Ethan Coen, Joel Coen","['Tommy Lee Jones', 'Javier Bardem', 'Josh Brolin', 'Woody Harrelson']"
Indiana Jones and the Last Crusade,1989,127,8.2,770837,197.17,Steven Spielberg,"['Harrison Ford', 'Sean Connery', 'Alison Doody', 'Denholm Elliott']"
ذا فاذر,2020,97,8.2,168536,102.79658653846153,Florian Zeller,"['Anthony Hopkins', 'Olivia Colman', 'Mark Gatiss', 'Olivia Williams']"
1917,2019,119,8.2,620547,159.23,Sam Mendes,"['Dean-Charles Chapman', 'George MacKay', 'Daniel Mays', 'Colin Firth']"
There Will Be Blood,2007,158,8.2,602179,40.22,Paul Thomas Anderson,"['Daniel Day-Lewis', 'Paul Dano', 'Ciarán Hinds', 'Martin Stringer']"
Green Book,2018,130,8.2,518811,85.08,Peter Farrelly,"['Viggo Mortensen', 'Mahershala Ali', 'Linda Cardellini', 'Sebastian Maniscalco']"
Hauru no ugoku shiro,2004,119,8.2,411628,4.71,Hayao Miyazaki,"['Chieko Baishô', 'Takuya Kimura', 'Tatsuya Gashûin', 'Akihiro Miwa']"
Snatch,2000,104,8.2,873798,30.33,Guy Ritchie,"['Jason Statham', 'Brad Pitt', 'Stephen Graham', 'Vinnie Jones']"
Casino,1995,178,8.2,534532,42.44,Martin Scorsese,"['Robert De Niro', 'Sharon Stone', 'Joe Pesci', 'James Woods']"
The Thing,1982,109,8.2,438395,13.78,John Carpenter,"['Kurt Russell', 'Wilford Brimley', 'Keith David', 'Richard Masur']"
Kill Bill: Vol. 1,2003,111,8.2,1140406,70.1,Quentin Tarantino,"['Uma Thurman', 'David Carradine', 'Daryl Hannah', 'Michael Madsen']"
Batman Begins,2005,140,8.2,1502736,206.85,Christopher Nolan,"['Christian Bale', 'Michael Caine', 'Ken Watanabe', 'Liam Neeson']"
The Truman Show,1998,103,8.2,1116542,125.62,Peter Weir,"['Jim Carrey', 'Ed Harris', 'Laura Linney', 'Noah Emmerich']"
A Beautiful Mind,2001,135,8.2,950110,170.74,Ron Howard,"['Russell Crowe', 'Ed Harris', 'Jennifer Connelly', 'Christopher Plummer']"
The Sixth Sense,1999,107,8.2,1010783,293.51,M. Night Shyamalan,"['Bruce Willis', 'Haley Joel Osment', 'Toni Collette', 'Olivia Williams']"
Finding Nemo,2003,100,8.2,1066033,380.84,"Directors:Andrew Stanton, Lee Unkrich","['Albert Brooks', 'Ellen DeGeneres', 'Alexander Gould', 'Willem Dafoe']"
Die Hard,1988,132,8.2,901072,83.01,John McTiernan,"['Bruce Willis', 'Alan Rickman', 'Bonnie Bedelia', 'Reginald VelJohnson']"
Unforgiven,1992,130,8.2,420768,101.16,Clint Eastwood,"['Clint Eastwood', 'Gene Hackman', 'Morgan Freeman', 'Richard Harris']"
Pan's Labyrinth,2006,118,8.2,680804,37.63,Guillermo del Toro,"['Ivana Baquero', 'Ariadna Gil', 'Sergi López', 'Maribel Verdú']"
Chinatown,1974,130,8.2,334613,8.49,Roman Polanski,"['Jack Nicholson', 'Faye Dunaway', 'John Huston', 'Perry Lopez']"
L.A. Confidential,1997,138,8.2,593031,64.62,Curtis Hanson,"['Kevin Spacey', 'Russell Crowe', 'Guy Pearce', 'Kim Basinger']"
V for Vendetta,2005,132,8.2,1140465,70.51,James McTeigue,"['Hugo Weaving', 'Natalie Portman', 'Rupert Graves', 'Stephen Rea']"
Gone with the Wind,1939,238,8.2,322345,198.68,"Directors:Victor Fleming, George Cukor, Sam Wood","['Clark Gable', 'Vivien Leigh', 'Thomas Mitchell', ""Barbara O'Neil""]"
Der Untergang,2004,156,8.2,362272,5.51,Oliver Hirschbiegel,"['Bruno Ganz', 'Alexandra Maria Lara', 'Ulrich Matthes', 'Juliane Köhler']"
Monty Python and the Holy Grail,1975,91,8.2,551701,1.23,"Directors:Terry Gilliam, Terry Jones","['Graham Chapman', 'John Cleese', 'Eric Idle', 'Terry Gilliam']"
Some Like It Hot,1959,121,8.2,273073,25.0,Billy Wilder,"['Marilyn Monroe', 'Tony Curtis', 'Jack Lemmon', 'George Raft']"
The Elephant Man,1980,124,8.2,247813,102.79658653846153,David Lynch,"['Anthony Hopkins', 'John Hurt', 'Anne Bancroft', 'John Gielgud']"
ديمن سلاير: موغين تراين - عرض خاص,2020,117,8.2,64273,47.7,Haruo Sotozaki,"['Natsuki Hanae', 'Akari Kitô', 'Yoshitsugu Matsuoka', 'Hiro Shimono']"
The Great Escape,1963,172,8.2,249420,12.1,John Sturges,"['Steve McQueen', 'James Garner', 'Richard Attenborough', 'Charles Bronson']"
El secreto de sus ojos,2009,129,8.2,214082,6.39,Juan José Campanella,"['Ricardo Darín', 'Soledad Villamil', 'Pablo Rago', 'Carla Quevedo']"
Tumbbad,2018,104,8.2,52954,102.79658653846153,"Directors:Rahi Anil Barve, Anand Gandhi, Adesh Prasad","['Sohum Shah', 'Jyoti Malshe', 'Anita Date-Kelkar', 'Ronjini Chakraborty']"
Per qualche dollaro in più,1965,132,8.2,262710,15.0,Sergio Leone,"['Clint Eastwood', 'Lee Van Cleef', 'Gian Maria Volontè', 'Mara Krupp']"
Ran,1985,162,8.2,129096,4.14,Akira Kurosawa,"['Tatsuya Nakadai', 'Akira Terao', 'Jinpachi Nezu', 'Daisuke Ryû']"
Drishyam 2,2022,140,8.2,36876,102.79658653846153,Abhishek Pathak,"['Ajay Devgn', 'Akshaye Khanna', 'Tabu', 'Shriya Saran']"
All About Eve,1950,138,8.2,134032,0.01,Joseph L. Mankiewicz,"['Bette Davis', 'Anne Baxter', 'George Sanders', 'Celeste Holm']"
Gangs of Wasseypur,2012,321,8.2,99312,102.79658653846153,Anurag Kashyap,"['Manoj Bajpayee', 'Nawazuddin Siddiqui', 'Tigmanshu Dhulia', 'Richa Chadha']"
The Treasure of the Sierra Madre,1948,126,8.2,127885,5.01,John Huston,"['Humphrey Bogart', 'Walter Huston', 'Tim Holt', 'Bruce Bennett']"
Vikram Vedha,2017,147,8.2,47608,102.79658653846153,"Directors:Gayatri, Pushkar, Gowtham Selvaraj","['Madhavan', 'Vijay Sethupathi', 'Shraddha Srinath', 'Kathir']"
Andhadhun,2018,139,8.2,97129,1.37,Sriram Raghavan,"['Tabu', 'Ayushmann Khurrana', 'Radhika Apte', 'Anil Dhawan']"
Dial M for Murder,1954,105,8.2,180524,0.01,Alfred Hitchcock,"['Ray Milland', 'Grace Kelly', 'Robert Cummings', 'John Williams']"
Baahubali 2: The Conclusion,2017,167,8.2,106651,20.19,S.S. Rajamouli,"['Prabhas', 'Rana Daggubati', 'Anushka Shetty', 'Tamannaah Bhatia']"
Klaus,2019,96,8.2,166060,102.79658653846153,"Directors:Sergio Pablos, Carlos Martínez López","['Jason Schwartzman', 'J.K. Simmons', 'Rashida Jones', 'Will Sasso']"
Rashômon,1950,88,8.2,172678,0.1,Akira Kurosawa,"['Toshirô Mifune', 'Machiko Kyô', 'Masayuki Mori', 'Takashi Shimura']"
Yôjinbô,1961,110,8.2,125831,102.79658653846153,Akira Kurosawa,"['Toshirô Mifune', 'Eijirô Tôno', 'Tatsuya Nakadai', 'Yôko Tsukasa']"
Miracle in Cell No. 7,2019,132,8.2,51615,102.79658653846153,Mehmet Ada Öztekin,"['Aras Bulut Iynemli', 'Nisa Sofiya Aksongur', 'Deniz Baysal', 'Celile Toyon Uysal']"
Drishyam,2015,163,8.2,88469,0.74,Nishikant Kamat,"['Ajay Devgn', 'Shriya Saran', 'Tabu', 'Rajat Kapoor']"
Z,1969,127,8.2,29966,0.08,Costa-Gavras,"['Yves Montand', 'Irene Papas', 'Jean-Louis Trintignant', 'François Périer']"
Zindagi Na Milegi Dobara,2011,155,8.2,81357,3.11,Zoya Akhtar,"['Hrithik Roshan', 'Farhan Akhtar', 'Abhay Deol', 'Katrina Kaif']"
Tôkyô monogatari,1953,136,8.2,64076,102.79658653846153,Yasujirô Ozu,"['Chishû Ryû', 'Chieko Higashiyama', 'Sô Yamamura', 'Setsuko Hara']"
Uri: The Surgical Strike,2019,138,8.2,67280,4.19,Aditya Dhar,"['Vicky Kaushal', 'Paresh Rawal', 'Mohit Raina', 'Yami Gautam']"
To Be or Not to Be,1942,99,8.2,39630,102.79658653846153,Ernst Lubitsch,"['Carole Lombard', 'Jack Benny', 'Robert Stack', 'Felix Bressart']"
Bacheha-Ye aseman,1997,89,8.2,76674,0.93,Majid Majidi,"['Mohammad Amir Naji', 'Amir Farrokh Hashemian', 'Bahare Seddiqi', 'Nafise Jafar-Mohammadi']"
Pather Panchali,1955,125,8.2,35001,0.54,Satyajit Ray,"['Kanu Bannerjee', 'Karuna Bannerjee', 'Subir Banerjee', 'Chunibala Devi']"
Le salaire de la peur,1953,131,8.2,63146,102.79658653846153,Henri-Georges Clouzot,"['Yves Montand', 'Charles Vanel', 'Peter van Eyck', 'Folco Lulli']"
La passion de Jeanne d'Arc,1928,110,8.2,57273,0.02,Carl Theodor Dreyer,"['Maria Falconetti', 'Eugene Silvain', 'André Berley', 'Maurice Schutz']"
"Swades: We, the People",2004,210,8.2,93596,1.22,Ashutosh Gowariker,"['Shah Rukh Khan', 'Gayatri Joshi', 'Kishori Ballal', 'Smith Seth']"
K.G.F: Chapter 1,2018,156,8.2,91542,102.79658653846153,Prashanth Neel,"['Yash', 'Srinidhi Shetty', 'Ramachandra Raju', 'Archana Jois']"
Sherlock Jr.,1924,45,8.2,52415,0.98,Buster Keaton,"['Buster Keaton', 'Kathryn McGuire', 'Joe Keaton', 'Erwin Connelly']"
Rangasthalam,2018,170,8.2,26140,3.51,Sukumar,"['Ram Charan', 'Samantha Ruth Prabhu', 'Aadhi', 'Jagapathi Babu']"
Dersu Uzala,1975,142,8.2,31859,102.79658653846153,Akira Kurosawa,"['Maksim Munzuk', 'Yuriy Solomin', 'Mikhail Bychkov', 'Vladimir Khrulyov']"
Babam ve Oglum,2005,112,8.2,88173,102.79658653846153,Çagan Irmak,"['Çetin Tekindor', 'Fikret Kuskan', 'Hümeyra', 'Ege Tanman']"
Umberto D.,1952,89,8.2,26803,0.07,Vittorio De Sica,"['Carlo Battisti', 'Maria Pia Casilio', 'Lina Gennari', 'Ileana Simova']"
Bhaag Milkha Bhaag,2013,186,8.2,69790,1.63,Rakeysh Omprakash Mehra,"['Farhan Akhtar', 'Japtej Singh', 'Divya Dutta', 'Pawan Malhotra']"
Paan Singh Tomar,2012,135,8.2,37039,0.04,Tigmanshu Dhulia,"['Irrfan Khan', 'Mahie Gill', 'Rajesh Abhay', 'Hemendra Dandotiya']"
Mad Max: Fury Road,2015,120,8.1,1029691,154.06,George Miller,"['Tom Hardy', 'Charlize Theron', 'Nicholas Hoult', 'Zoë Kravitz']"
Ford v Ferrari,2019,152,8.1,418324,117.62,James Mangold,"['Matt Damon', 'Christian Bale', 'Jon Bernthal', 'Caitríona Balfe']"
Prisoners,2013,153,8.1,745415,61.0,Denis Villeneuve,"['Hugh Jackman', 'Jake Gyllenhaal', 'Viola Davis', 'Melissa Leo']"
The Grand Budapest Hotel,2014,99,8.1,838237,59.1,Wes Anderson,"['Ralph Fiennes', 'F. Murray Abraham', 'Mathieu Amalric', 'Adrien Brody']"
Jaws,1975,124,8.1,623682,260.0,Steven Spielberg,"['Roy Scheider', 'Robert Shaw', 'Richard Dreyfuss', 'Lorraine Gary']"
Pirates of the Caribbean: The Curse of the Black Pearl,2003,143,8.1,1153181,305.41,Gore Verbinski,"['Johnny Depp', 'Geoffrey Rush', 'Orlando Bloom', 'Keira Knightley']"
Blade Runner,1982,117,8.1,787634,32.87,Ridley Scott,"['Harrison Ford', 'Rutger Hauer', 'Sean Young', 'Edward James Olmos']"
Gone Girl,2014,149,8.1,1008280,167.77,David Fincher,"['Ben Affleck', 'Rosamund Pike', 'Neil Patrick Harris', 'Tyler Perry']"
The Help,2011,146,8.1,472286,169.71,Tate Taylor,"['Viola Davis', 'Emma Stone', 'Octavia Spencer', 'Bryce Dallas Howard']"
Stand by Me,1986,89,8.1,417268,52.29,Rob Reiner,"['Wil Wheaton', 'River Phoenix', 'Corey Feldman', ""Jerry O'Connell""]"
Hacksaw Ridge,2016,139,8.1,549345,67.21,Mel Gibson,"['Andrew Garfield', 'Sam Worthington', 'Luke Bracey', 'Teresa Palmer']"
Harry Potter and the Deathly Hallows: Part 2,2011,130,8.1,900132,381.01,David Yates,"['Daniel Radcliffe', 'Emma Watson', 'Rupert Grint', 'Michael Gambon']"
Trainspotting,1996,93,8.1,700938,16.5,Danny Boyle,"['Ewan McGregor', 'Ewen Bremner', 'Jonny Lee Miller', 'Kevin McKidd']"
Catch Me If You Can,2002,141,8.1,1020701,164.62,Steven Spielberg,"['Leonardo DiCaprio', 'Tom Hanks', 'Christopher Walken', 'Martin Sheen']"
The Terminator,1984,107,8.1,885085,38.4,James Cameron,"['Arnold Schwarzenegger', 'Linda Hamilton', 'Michael Biehn', 'Paul Winfield']"
The Big Lebowski,1998,117,8.1,826933,17.5,"Directors:Joel Coen, Ethan Coen","['Jeff Bridges', 'John Goodman', 'Julianne Moore', 'Steve Buscemi']"
The Exorcist,1973,122,8.1,421077,232.91,William Friedkin,"['Ellen Burstyn', 'Max von Sydow', 'Linda Blair', 'Lee J. Cobb']"
Ratatouille,2007,111,8.1,765794,206.45,"Directors:Brad Bird, Jan Pinkava","['Brad Garrett', 'Lou Romano', 'Patton Oswalt', 'Ian Holm']"
Dead Poets Society,1989,128,8.1,509547,95.86,Peter Weir,"['Robin Williams', 'Robert Sean Leonard', 'Ethan Hawke', 'Josh Charles']"
Ah-ga-ssi,2016,145,8.1,156892,2.01,Park Chan-wook,"['Kim Min-hee', 'Ha Jung-woo', 'Cho Jin-woong', 'Moon So-ri']"
The Wizard of Oz,1939,102,8.1,410267,2.08,"Directors:Victor Fleming, George Cukor, Mervyn LeRoy, Norman Taurog, Richard Thorpe, King Vidor","['Judy Garland', 'Frank Morgan', 'Ray Bolger', 'Bert Lahr']"
Inside Out,2015,95,8.1,735943,356.46,"Directors:Pete Docter, Ronnie Del Carmen","['Amy Poehler', 'Bill Hader', 'Lewis Black', 'Mindy Kaling']"
Logan,2017,137,8.1,787086,226.28,James Mangold,"['Hugh Jackman', 'Patrick Stewart', 'Dafne Keen', 'Boyd Holbrook']"
Into the Wild,2007,148,8.1,634959,18.35,Sean Penn,"['Emile Hirsch', 'Vince Vaughn', 'Catherine Keener', 'Marcia Gay Harden']"
Spotlight,2015,129,8.1,482043,45.06,Tom McCarthy,"['Mark Ruffalo', 'Michael Keaton', 'Rachel McAdams', 'Liev Schreiber']"
"Three Billboards Outside Ebbing, Missouri",2017,115,8.1,525877,54.51,Martin McDonagh,"['Frances McDormand', 'Woody Harrelson', 'Sam Rockwell', 'Caleb Landry Jones']"
Room,2015,118,8.1,431613,14.68,Lenny Abrahamson,"['Brie Larson', 'Jacob Tremblay', 'Sean Bridgers', 'Wendy Crewson']"
Rocky,1976,120,8.1,598068,117.24,John G. Avildsen,"['Sylvester Stallone', 'Talia Shire', 'Burt Young', 'Carl Weathers']"
Fargo,1996,98,8.1,692554,24.61,"Directors:Joel Coen, Ethan Coen","['William H. Macy', 'Frances McDormand', 'Steve Buscemi', 'Peter Stormare']"
"Monsters, Inc.",2001,92,8.1,931637,289.92,"Directors:Pete Docter, David Silverman, Lee Unkrich","['Billy Crystal', 'John Goodman', 'Mary Gibbs', 'Steve Buscemi']"
"Lock, Stock and Two Smoking Barrels",1998,107,8.1,595047,3.9,Guy Ritchie,"['Jason Flemyng', 'Dexter Fletcher', 'Nick Moran', 'Jason Statham']"
The Deer Hunter,1978,183,8.1,346627,48.98,Michael Cimino,"['Robert De Niro', 'Christopher Walken', 'John Cazale', 'John Savage']"
Salinui chueok,2003,131,8.1,195686,0.01,Bong Joon Ho,"['Song Kang-ho', 'Kim Sang-kyung', 'Roe-ha Kim', 'Jae-ho Song']"
Before Sunrise,1995,101,8.1,320238,5.54,Richard Linklater,"['Ethan Hawke', 'Julie Delpy', 'Andrea Eckert', 'Hanno Pöschl']"
Raging Bull,1980,129,8.1,363025,23.38,Martin Scorsese,"['Robert De Niro', 'Cathy Moriarty', 'Joe Pesci', 'Frank Vincent']"
Gran Torino,2008,116,8.1,789390,148.1,Clint Eastwood,"['Clint Eastwood', 'Bee Vang', 'Christopher Carley', 'Ahney Her']"
Platoon,1986,120,8.1,423166,138.53,Oliver Stone,"['Charlie Sheen', 'Tom Berenger', 'Willem Dafoe', 'Keith David']"
How to Train Your Dragon,2010,98,8.1,760904,217.58,"Directors:Dean DeBlois, Chris Sanders","['Jay Baruchel', 'Gerard Butler', 'Christopher Mintz-Plasse', 'Craig Ferguson']"
Warrior,2011,140,8.1,481695,13.66,Gavin O'Connor,"['Tom Hardy', 'Nick Nolte', 'Joel Edgerton', 'Jennifer Morrison']"
The Sound of Music,1965,172,8.1,244478,163.21,Robert Wise,"['Julie Andrews', 'Christopher Plummer', 'Eleanor Parker', 'Richard Haydn']"
Rush,2013,123,8.1,490954,26.95,Ron Howard,"['Daniel Brühl', 'Chris Hemsworth', 'Olivia Wilde', 'Alexandra Maria Lara']"
12 Years a Slave,2013,134,8.1,715555,56.67,Steve McQueen,"['Chiwetel Ejiofor', 'Michael Kenneth Williams', 'Michael Fassbender', 'Brad Pitt']"
